,filename,errors count,good words count,metric,Levenshtein,Letters sum
19,skazki/IMG_20190715_122456.marked.txt,0,52,0,4,375
31,skazki/IMG_20190715_121852.marked.txt,0,47,0,3,333
68,skazki/IMG_20190715_122421.marked.txt,0,37,0,4,275
94,skazki/IMG_20190715_122442.marked.txt,0,31,0,3,252
109,mdd-redmi1/05.marked.txt,0,25,0,1,211
114,chudo_derevo_redmi/IMG_20190715_112939.marked.txt,0,23,0,1,164
157,ola/IMG_5373.marked.txt,0,11,0,44,119
184,kov/04089871-23a0-44ca-8830-581a13b03153.marked.txt,0,0,0,23,0
185,kov/4038914f-2515-4d39-8e28-89bd6c7b2815.marked.txt,0,0,0,56,0
17,skazki/IMG_20190715_121339.marked.txt,1,52,0.0101,28,406
6,skazki/IMG_20190715_121602.marked.txt,1,59,0.01149,3,407
28,skazki/IMG_20190715_121324.marked.txt,1,47,0.0125,9,353
20,skazki/IMG_20190715_121953.marked.txt,1,51,0.01333,3,380
45,skazki/IMG_20190715_121945.marked.txt,1,44,0.0137,1,345
62,skazki/IMG_20190715_121138.marked.txt,1,38,0.01667,11,290
64,mdd_cannon1/07.marked.txt,1,37,0.01786,7,271
86,skazki/IMG_20190715_121905.marked.txt,1,33,0.01818,2,255
89,mdd-redmi1/08.marked.txt,1,32,0.01818,7,230
88,skazki/IMG_20190715_122439.marked.txt,1,33,0.02083,7,244
74,skazki/IMG_20190715_121527.marked.txt,1,35,0.02174,2,261
93,skazki/IMG_20190715_121844.marked.txt,1,31,0.02222,3,210
135,ola/IMG_5371.marked.txt,1,17,0.02222,10,157
162,ola/IMG_5369.marked.txt,1,9,0.02273,50,115
18,skazki/IMG_20190715_121416.marked.txt,2,52,0.02381,6,384
14,skazki/IMG_20190715_121708.marked.txt,2,53,0.02439,3,391
113,mdd_cannon1/05.marked.txt,1,24,0.02439,3,211
22,skazki/IMG_20190715_121735.marked.txt,2,50,0.02597,2,402
30,skazki/IMG_20190715_121837.marked.txt,2,47,0.02667,3,349
32,skazki/IMG_20190715_121936.marked.txt,2,47,0.02778,3,371
43,skazki/IMG_20190715_121545.marked.txt,2,44,0.02778,3,346
110,chudo_derevo_redmi/IMG_20190715_113013.marked.txt,1,24,0.02778,6,172
53,skazki/IMG_20190715_121719.marked.txt,2,41,0.02857,4,355
39,skazki/IMG_20190715_121237.marked.txt,2,45,0.02941,4,321
40,skazki/IMG_20190715_121307.marked.txt,2,45,0.0303,19,308
111,chudo_derevo_redmi/IMG_20190715_113041.marked.txt,1,24,0.03125,15,182
133,skazki/IMG_20190715_121153.marked.txt,1,18,0.03226,18,134
37,skazki/IMG_20190715_121823.marked.txt,2,46,0.03333,3,302
46,skazki/IMG_20190715_121810.marked.txt,2,43,0.0339,4,298
5,skazki/IMG_20190715_121558.marked.txt,3,59,0.03448,3,401
75,skazki/IMG_20190715_121847.marked.txt,2,35,0.03571,8,260
66,skazki/IMG_20190715_121530.marked.txt,2,37,0.03704,4,281
91,mdd_cannon1/08.marked.txt,2,32,0.03704,10,229
50,skazki/IMG_20190715_121918.marked.txt,2,42,0.03774,2,302
21,skazki/IMG_20190715_121229.marked.txt,3,50,0.03846,30,375
29,skazki/IMG_20190715_121716.marked.txt,4,47,0.0396,14,408
35,skazki/IMG_20190715_121254.marked.txt,3,46,0.04167,6,335
38,skazki/IMG_20190715_121930.marked.txt,3,46,0.04167,3,335
137,ola/IMG_5365.marked.txt,2,16,0.04444,18,153
104,chudo_derevo_redmi/IMG_20190715_113004.marked.txt,2,27,0.04545,5,197
138,ola/IMG_5366.marked.txt,2,16,0.04545,21,150
9,skazki/IMG_20190715_121948.marked.txt,4,57,0.04819,3,411
42,skazki/IMG_20190715_121827.marked.txt,3,45,0.04839,1,300
128,skazki/IMG_20190715_121157.marked.txt,2,20,0.05,6,174
177,ola/IMG_5367.marked.txt,2,2,0.05128,23,58
179,ola/IMG_5372.marked.txt,2,2,0.05128,27,59
72,mdd-redmi1/07.marked.txt,3,35,0.05263,4,272
73,mdd_cannon1/06.marked.txt,3,35,0.05263,11,254
178,ola/IMG_5368.marked.txt,2,2,0.05263,23,57
24,skazki/IMG_20190715_121226.marked.txt,5,49,0.05556,13,400
101,skazki/IMG_20190715_122434.marked.txt,3,29,0.0566,28,238
76,skazki/IMG_20190715_122750.marked.txt,4,35,0.05714,20,294
125,mdd-redmi1/04.marked.txt,2,20,0.05714,7,166
126,mdd_cannon1/04.marked.txt,2,20,0.05714,9,166
13,skazki/IMG_20190715_121327.marked.txt,5,53,0.05747,40,417
36,skazki/IMG_20190715_121725.marked.txt,4,46,0.05797,3,342
47,skazki/IMG_20190715_122753.marked.txt,4,43,0.05797,76,315
8,skazki/IMG_20190715_121728.marked.txt,5,58,0.05882,5,427
12,skazki/IMG_20190715_121622.marked.txt,5,54,0.06024,9,403
70,skazki/IMG_20190715_121205.marked.txt,4,36,0.06154,14,295
57,skazki/IMG_20190715_121625.marked.txt,5,39,0.06329,1,342
44,skazki/IMG_20190715_121705.marked.txt,5,44,0.06757,5,359
100,skazki/IMG_20190715_121855.marked.txt,4,29,0.06897,7,243
146,mdd-redmi1/03.marked.txt,2,14,0.06897,3,127
0,skazki/IMG_20190715_121240.marked.txt,7,62,0.07143,12,441
147,mdd_cannon1/03.marked.txt,2,14,0.07143,8,124
60,skazki/IMG_20190715_122518.marked.txt,6,39,0.07229,44,356
96,skazki/IMG_20190715_122836.marked.txt,5,31,0.07246,24,291
3,skazki/IMG_20190715_121400.marked.txt,7,59,0.07292,28,433
63,skazki/IMG_20190715_121656.marked.txt,6,38,0.07407,3,370
82,skazki/IMG_20190715_122849.marked.txt,5,34,0.07812,53,302
56,skazki/IMG_20190715_121653.marked.txt,6,40,0.08,2,365
34,skazki/IMG_20190715_121218.marked.txt,7,46,0.08046,29,382
136,telefon/IMG_20190715_123208.marked.txt,3,17,0.08108,4,166
11,skazki/IMG_20190715_121834.marked.txt,7,56,0.0814,7,397
54,skazki/IMG_20190715_121939.marked.txt,5,41,0.08333,6,325
84,mdd_cannon1/09.marked.txt,5,33,0.08333,6,272
80,skazki/IMG_20190715_122742.marked.txt,6,34,0.08451,101,289
90,mdd-redmi1/09.marked.txt,5,32,0.08475,11,269
83,mdd-redmi1/06.marked.txt,5,33,0.08621,21,250
4,skazki/IMG_20190715_121423.marked.txt,8,59,0.08791,42,416
87,skazki/IMG_20190715_122417.marked.txt,6,33,0.09091,33,268
106,chudo_derevo_redmi/IMG_20190715_112947.marked.txt,4,26,0.09091,7,201
25,skazki/IMG_20190715_121251.marked.txt,8,49,0.09302,57,360
108,chudo_derevo_redmi/IMG_20190715_113026.marked.txt,4,25,0.09302,9,202
132,telefon/IMG_20190715_123133.marked.txt,4,19,0.09302,16,171
134,telefon/IMG_20190715_123331.marked.txt,3,18,0.09375,5,164
52,skazki/IMG_20190715_121433.marked.txt,9,41,0.09474,35,359
58,skazki/IMG_20190715_121640.marked.txt,6,39,0.09524,4,312
123,chudo_derevo_redmi/IMG_20190715_112928.marked.txt,3,20,0.09677,2,158
79,skazki/IMG_20190715_121208.marked.txt,6,34,0.1,2,294
129,telefon/IMG_20190715_123159.marked.txt,4,20,0.1,4,167
112,chudo_derevo_redmi/IMG_20190715_113048.marked.txt,4,24,0.10256,8,209
7,skazki/IMG_20190715_121608.marked.txt,10,58,0.10309,22,453
85,skazki/IMG_20190715_121517.marked.txt,5,33,0.10417,15,251
26,skazki/IMG_20190715_122500.marked.txt,10,49,0.10638,18,430
59,skazki/IMG_20190715_122507.marked.txt,9,39,0.10714,18,346
143,chudo_derevo_redmi/IMG_20190715_113037.marked.txt,3,15,0.10714,43,126
2,skazki/IMG_20190715_121403.marked.txt,10,60,0.1087,9,443
131,skazki/IMG_20190715_122829.marked.txt,5,19,0.11111,60,182
124,chudo_derevo_redmi/IMG_20190715_112958.marked.txt,5,20,0.11628,15,182
144,telefon/IMG_20190715_123233.marked.txt,3,15,0.125,6,112
148,telefon/IMG_20190715_123123.marked.txt,4,14,0.125,18,122
15,skazki/IMG_20190715_121034.marked.txt,12,52,0.12632,7,461
48,skazki/IMG_20190715_121740.marked.txt,10,42,0.12987,14,381
49,skazki/IMG_20190715_121747.marked.txt,12,42,0.13187,7,425
117,telefon/IMG_20190715_123137.marked.txt,6,23,0.13333,15,202
23,skazki/IMG_20190715_122504.marked.txt,13,50,0.1383,58,408
118,telefon/IMG_20190715_123252.marked.txt,7,23,0.14,15,192
154,uploaded/1563957317247869394114.marked.txt,6,14,0.14286,24,137
102,skazki/IMG_20190715_122839.marked.txt,8,29,0.14545,78,245
71,skazki/IMG_20190715_121303.marked.txt,11,36,0.14667,28,317
98,skazki/IMG_20190715_122516.marked.txt,7,30,0.15217,18,253
99,skazki/IMG_20190715_122904.marked.txt,8,30,0.15385,81,241
122,chudo_derevo_redmi/IMG_20190715_112922.marked.txt,6,20,0.15789,12,157
51,ola/IMG_5200.marked.txt,12,41,0.16216,26,335
97,skazki/IMG_20190715_122857.marked.txt,10,31,0.16949,109,265
116,skazki/IMG_20190715_122803.marked.txt,10,23,0.16949,69,236
141,telefon/IMG_20190715_123324.marked.txt,6,16,0.17143,16,153
69,skazki/IMG_20190715_122854.marked.txt,13,37,0.17568,102,320
77,skazki/IMG_20190715_122816.marked.txt,16,35,0.17778,63,356
152,telefon/IMG_20190715_123426.marked.txt,5,14,0.17857,53,119
41,skazki/IMG_20190715_121335.marked.txt,19,45,0.18095,25,425
142,telefon/IMG_20190715_123522.marked.txt,7,16,0.18421,40,166
95,skazki/IMG_20190715_122826.marked.txt,15,31,0.18519,70,316
140,telefon/IMG_20190715_123258.marked.txt,7,16,0.18919,10,159
121,uploaded/1565540274862815619769.marked.txt,9,21,0.19149,46,190
188,kov/847e140b-9cca-4986-94f0-a81955dcda24.marked.txt,9,0,0.19149,58,64
1,skazki/IMG_20190715_121044.marked.txt,19,60,0.19192,9,591
67,skazki/IMG_20190715_122232.marked.txt,17,37,0.1954,112,329
10,skazki/IMG_20190715_121048.marked.txt,23,56,0.2,57,548
81,skazki/IMG_20190715_122809.marked.txt,14,34,0.2,55,305
150,telefon/IMG_20190715_123241.marked.txt,7,14,0.2,23,138
103,skazki/IMG_20190715_122913.marked.txt,15,29,0.2027,126,286
78,skazki/IMG_20190715_122901.marked.txt,16,35,0.20513,77,358
55,skazki/IMG_20190715_122405.marked.txt,17,41,0.20732,47,339
115,chudo_derevo_redmi/IMG_20190715_113010.marked.txt,10,23,0.20833,21,220
33,skazki/IMG_20190715_121101.marked.txt,21,46,0.21212,42,522
145,telefon/IMG_20190715_123504.marked.txt,8,15,0.21622,53,156
61,skazki/IMG_20190715_122909.marked.txt,20,39,0.22222,85,344
92,skazki/IMG_20190715_122819.marked.txt,16,32,0.22222,116,313
149,telefon/IMG_20190715_123230.marked.txt,7,14,0.22581,57,120
170,uploaded/IMG_20190822_182841.marked.txt,7,6,0.22581,36,88
120,skazki/IMG_20190715_121542.marked.txt,10,21,0.22727,44,210
105,skazki/IMG_20190715_122812.marked.txt,16,27,0.23188,123,256
119,skazki/IMG_20190715_122325.marked.txt,13,22,0.23214,132,222
158,skazki/IMG_20190715_122928.marked.txt,7,11,0.24138,54,108
16,skazki/IMG_20190715_121058.marked.txt,31,52,0.25,76,517
130,uploaded/15650001471111035709812.marked.txt,10,20,0.25,48,150
139,telefon/IMG_20190715_123156.marked.txt,9,16,0.25714,6,152
107,skazki/IMG_20190715_122217.marked.txt,20,26,0.26316,153,288
155,telefon/IMG_20190715_123303.marked.txt,12,13,0.26667,26,168
65,skazki/IMG_20190715_121436.marked.txt,31,37,0.2844,87,402
161,uploaded/1563958149299417728125.marked.txt,15,10,0.29412,41,164
160,mdd-redmi1/02.marked.txt,10,10,0.30303,1,144
175,uploaded/IMG_20190821_123648.marked.txt,18,4,0.31579,151,132
165,chudo_derevo_redmi/IMG_20190715_112912.marked.txt,5,8,0.33333,2,79
174,uploaded/1564154013064889170553.marked.txt,13,4,0.33333,87,89
183,kov/227390e9-3e83-4883-9ecb-5d67de88584a.marked.txt,4,1,0.33333,46,31
156,uploaded/1564580967427104972811.marked.txt,11,12,0.34375,87,127
27,skazki/IMG_20190715_121114.marked.txt,39,47,0.34821,47,532
166,mdd_cannon1/02.marked.txt,12,8,0.35294,10,138
168,skazki/IMG_20190715_121011.marked.txt,6,7,0.35294,6,79
153,telefon/IMG_20190715_123542.marked.txt,11,14,0.35484,66,148
169,uploaded/2378374bda87d842436936f81d442bfb.marked.txt,33,7,0.36264,62,163
173,mdd_cannon1/01crop.marked.txt,4,4,0.36364,3,72
176,mdd-redmi1/01crop.marked.txt,4,3,0.36364,5,69
186,kov/67be06e4-753a-44ea-aa3f-665d0304ce9c.marked.txt,15,0,0.38462,84,64
151,telefon/IMG_20190715_123312.marked.txt,19,14,0.40426,34,197
172,uploaded/15662872188361764114561.marked.txt,26,5,0.4127,177,154
159,telefon/IMG_20190715_123244.marked.txt,15,11,0.41667,28,149
163,telefon/IMG_20190715_123443.marked.txt,16,9,0.42105,52,138
127,skazki/IMG_20190715_121019.marked.txt,26,20,0.42623,14,244
182,kov/15e4578a-2295-40ef-969a-a8e8c2c7c740.marked.txt,36,1,0.48649,195,142
171,ang_redmi/02.marked.txt,19,5,0.48718,25,133
167,kov/b026ed12-bc33-482a-89d6-88a35722935a.marked.txt,34,8,0.50746,86,228
164,kov/648bb39e-7f24-461c-9a77-04bed24bbc2e.marked.txt,38,9,0.52778,86,218
187,kov/6c4425c1-ecb1-499f-ad8a-283f802a1936.marked.txt,7,0,0.53846,96,17
180,ang_redmi/01.marked.txt,25,2,0.60976,244,89
181,kov/0cf2b6ac-036f-429b-8b9d-405415ee5840.marked.txt,41,2,0.63077,143,172
